Gene	CHIP_Variants	MANE_NM_v1.4	MANE_ENST_v1.4	Mutation_type	Frameshift	Nonsense	Splice-Site	Missense	Silent	Deletion	Insertion	Delins
ABL1	NA	NM_005157.6	ENST00000318560.6	NA	NA	NA	NA	NA	NA	NA	NA	NA
ACTB	NA	NM_001101.5	ENST00000646664.1	NA	NA	NA	NA	NA	NA	NA	NA	NA
ACTG1	Splice-site	NM_001614.5	ENST00000573283.7	Splice-Site	NA	NA	all	NA	NA	NA	NA	NA
ADD2	NA	NM_001617.4	ENST00000264436.9	NA	NA	NA	NA	NA	NA	NA	NA	NA
ADGRV1	NA	NM_032119.4	ENST00000405460.9	NA	NA	NA	NA	NA	NA	NA	NA	NA
AKAP6	NA	NM_004274.5	ENST00000280979.9	NA	NA	NA	NA	NA	NA	NA	NA	NA
ALK	NA	NM_004304.5	ENST00000389048.8	NA	NA	NA	NA	NA	NA	NA	NA	NA
ANKRD50	NA	NM_020337.3	ENST00000504087.6	NA	NA	NA	NA	NA	NA	NA	NA	NA
AOC2	NA	NM_009590.4	ENST00000253799.8	NA	NA	NA	NA	NA	NA	NA	NA	NA
ARHGEF1	NA	NM_004706.4	ENST00000354532.8	NA	NA	NA	NA	NA	NA	NA	NA	NA
ARID1A	Frameshift/Nonsense/Splice-site/Missense G2087R	NM_006015.6	ENST00000324856.13	Frameshift|Nonsense|Splice-Site|Missense	all	all	all	G2087R	NA	NA	NA	NA
ARID1B	Frameshift/Nonsense/Splice-site	NM_001374828.1	ENST00000636930.2	Frameshift|Nonsense|Splice-Site	all	all	all	NA	NA	NA	NA	NA
ARID5B	Frameshift/Nonsense/Splice-site	NM_032199.3	ENST00000279873.12	Frameshift|Nonsense|Splice-Site	all	all	all	NA	NA	NA	NA	NA
ATM	Frameshift/Nonsense/Splice-site/Missense R337H|R2832H|C|N2875S|I2888T|R3008C|H	NM_000051.4	ENST00000675843.1	Frameshift|Nonsense|Splice-Site|Missense	all	all	all	R337H|R2832H|C|N2875S|I2888T|R3008C|H	NA	NA	NA	NA
ATR	Frameshift/Nonsense/Splice-site	NM_001184.4	ENST00000350721.9	Frameshift|Nonsense|Splice-Site	all	all	all	NA	NA	NA	NA	NA
AUTS2	NA	NM_015570.4	ENST00000342771.10	NA	NA	NA	NA	NA	NA	NA	NA	NA
B2M	Frameshift/Nonsense/Splice-site/Missense L7V|L12P|Q|R	NM_004048.4	ENST00000648006.3	Frameshift|Nonsense|Splice-Site|Missense	all	all	all	L7V|L12P|Q|R	NA	NA	NA	NA
BAZ2A	NA	NM_001300905.2	ENST00000549884.6	NA	NA	NA	NA	NA	NA	NA	NA	NA
BAZ2B	NA	NM_013450.4	ENST00000392783.7	NA	NA	NA	NA	NA	NA	NA	NA	NA
BCL10	Frameshift/Nonsense/Splice-site	NM_003921.5	ENST00000648566.1	Frameshift|Nonsense|Splice-Site	all	all	all	NA	NA	NA	NA	NA
BCL11A	NA	NM_022893.4	ENST00000642384.2	NA	NA	NA	NA	NA	NA	NA	NA	NA
BCL2	Missense K22N|R|G33R|E|A|P95A|S|L|R|G101V|A131V|D|G|T|N172D|S	NM_000633.3	ENST00000333681.5	Missense	NA	NA	NA	K22N|R|G33R|E|A|P95A|S|L|R|G101V|A131V|D|G|T|N172D|S	NA	NA	NA	NA
BCL6	Missense R618C	NM_001706.5	ENST00000406870.7	Missense	NA	NA	NA	R618C	NA	NA	NA	NA
BCL7A	NA	NM_001024808.3	ENST00000261822.5	NA	NA	NA	NA	NA	NA	NA	NA	NA
BIRC3	Frameshift/Nonsense/Splice-site	NM_001165.5	ENST00000263464.9	Frameshift|Nonsense|Splice-Site	all	all	all	NA	NA	NA	NA	NA
BRCA1	NA	NM_007294.4	ENST00000357654.9	NA	NA	NA	NA	NA	NA	NA	NA	NA
BRWD3	NA	NM_153252.5	ENST00000373275.5	NA	NA	NA	NA	NA	NA	NA	NA	NA
BTG1	Frameshift/Nonsense/Splice-site	NM_001731.3	ENST00000256015.5	Frameshift|Nonsense|Splice-Site	all	all	all	NA	NA	NA	NA	NA
BTG2	NA	NM_006763.3	ENST00000290551.5	NA	NA	NA	NA	NA	NA	NA	NA	NA
BTK	Missense T316A	NM_000061.3	ENST00000308731.8	Missense	NA	NA	NA	T316A	NA	NA	NA	NA
CARD11	Missense C49Y|S|E93D|Q|R113Q|F115I|L|V|T117P|N|G123C|D|S|G126D|F130C|I|V|K215E|M|N|T|D230N|S250P|L251P|R337Q|D357E|V|Y361H|D387A|D401N|V|R423W|E626K	NM_032415.7	ENST00000396946.9	Missense	NA	NA	NA	C49Y|S|E93D|Q|R113Q|F115I|L|V|T117P|N|G123C|D|S|G126D|F130C|I|V|K215E|M|N|T|D230N|S250P|L251P|R337Q|D357E|V|Y361H|D387A|D401N|V|R423W|E626K	NA	NA	NA	NA
CCAR1	NA	NM_018237.4	ENST00000265872.11	NA	NA	NA	NA	NA	NA	NA	NA	NA
CCL4	NA	NM_002984.4	ENST00000615863.2	NA	NA	NA	NA	NA	NA	NA	NA	NA
CCND1	Missense S41T|V42E|Y44C|D|F|H|N|S|K46E|I|N|C47R|S|T286A|P287S	NM_053056.3	ENST00000227507.3	Missense	NA	NA	NA	S41T|V42E|Y44C|D|F|H|N|S|K46E|I|N|C47R|S|T286A|P287S	NA	NA	NA	NA
CCND3	(Frameshift/Nonsense/Splice-site p.246-287)/Missense T283A|I|P284S|R|A|L|T|D286G|I290K|R|T|M	NM_001760.5	ENST00000372991.9	Frameshift|Nonsense|Splice-Site|Missense	p.246-287	p.246-287	p.246-287	T283A|I|P284S|R|A|L|T|D286G|I290K|R|T|M	NA	NA	NA	NA
CD19	NA	NM_001770.6	ENST00000538922.8	NA	NA	NA	NA	NA	NA	NA	NA	NA
CD274	NA	NM_014143.4	ENST00000381577.4	NA	NA	NA	NA	NA	NA	NA	NA	NA
CD58	Frameshift/Nonsense/Splice-site	NM_001779.3	ENST00000369489.10	Frameshift|Nonsense|Splice-Site	all	all	all	NA	NA	NA	NA	NA
CD70	NA	NM_001252.5	ENST00000245903.4	NA	NA	NA	NA	NA	NA	NA	NA	NA
CD79A	NA	NM_001783.4	ENST00000221972.8	NA	NA	NA	NA	NA	NA	NA	NA	NA
CD79B	Missense Y196H|S|C|N|D|F	NM_000626.4	ENST00000006750.8	Missense	NA	NA	NA	Y196H|S|C|N|D|F	NA	NA	NA	NA
CD83	NA	NM_004233.4	ENST00000379153.4	NA	NA	NA	NA	NA	NA	NA	NA	NA
CDKN2A	Frameshift/Nonsense/Splice-site/Missense R112H	NM_000077.5	ENST00000304494.10	Frameshift|Nonsense|Splice-Site|Missense	all	all	all	R112H	NA	NA	NA	NA
CHD2	NA	NM_001271.4	ENST00000394196.9	NA	NA	NA	NA	NA	NA	NA	NA	NA
CHD8	NA	NM_001170629.2	ENST00000646647.2	NA	NA	NA	NA	NA	NA	NA	NA	NA
CHEK2	Frameshift/Nonsense/Splice-site	NM_007194.4	ENST00000404276.6	Frameshift|Nonsense|Splice-Site	all	all	all	NA	NA	NA	NA	NA
CIITA	Frameshift/Nonsense/Splice-site/Missense T636M	NM_000246.4	ENST00000324288.14	Frameshift|Nonsense|Splice-Site|Missense	all	all	all	T636M	NA	NA	NA	NA
CLGN	NA	NM_004362.3	ENST00000325617.10	NA	NA	NA	NA	NA	NA	NA	NA	NA
CNKSR2	NA	NM_014927.5	ENST00000379510.5	NA	NA	NA	NA	NA	NA	NA	NA	NA
COL6A3	NA	NM_004369.4	ENST00000295550.9	NA	NA	NA	NA	NA	NA	NA	NA	NA
CSF2RB	NA	NM_000395.3	ENST00000403662.8	NA	NA	NA	NA	NA	NA	NA	NA	NA
CTSS	NA	NM_004079.5	ENST00000368985.8	NA	NA	NA	NA	NA	NA	NA	NA	NA
CXCR4	(Frameshift/Nonsense/Splice-site p.318-352)	NM_003467.3	ENST00000241393.4	Frameshift|Nonsense|Splice-Site	p.318-352	p.318-352	p.318-352	NA	NA	NA	NA	NA
DAZAP1	NA	NM_018959.4	ENST00000233078.9	NA	NA	NA	NA	NA	NA	NA	NA	NA
DDX11	NA	NM_030653.4	ENST00000542838.6	NA	NA	NA	NA	NA	NA	NA	NA	NA
DDX3X	Frameshift/Nonsense/Splice-site/Missense Y525H|R528H|R534H|C	NM_001356.5	ENST00000644876.2	Frameshift|Nonsense|Splice-Site|Missense	all	all	all	Y525H|R528H|R534H|C	NA	NA	NA	NA
DGKB	NA	NM_001350709.2	ENST00000402815.6	NA	NA	NA	NA	NA	NA	NA	NA	NA
DIRAS3	NA	NM_004675.5	ENST00000646789.1	NA	NA	NA	NA	NA	NA	NA	NA	NA
DLC1	NA	NM_182643.3	ENST00000276297.9	NA	NA	NA	NA	NA	NA	NA	NA	NA
DMD	NA	NM_004006.3	ENST00000357033.9	NA	NA	NA	NA	NA	NA	NA	NA	NA
DTX1	Frameshift/Nonsense/Splice-site	NM_004416.3	ENST00000548759.2	Frameshift|Nonsense|Splice-Site	all	all	all	NA	NA	NA	NA	NA
DUSP2	NA	NM_004418.4	ENST00000288943.5	NA	NA	NA	NA	NA	NA	NA	NA	NA
DUSP22	NA	NM_001286555.3	ENST00000419235.7	NA	NA	NA	NA	NA	NA	NA	NA	NA
EBF1	NA	NM_024007.5	ENST00000313708.11	NA	NA	NA	NA	NA	NA	NA	NA	NA
EEF1A1	NA	NM_001402.6	ENST00000309268.11	NA	NA	NA	NA	NA	NA	NA	NA	NA
ENPP3	NA	NM_005021.5	ENST00000357639.8	NA	NA	NA	NA	NA	NA	NA	NA	NA
ENTPD4	NA	NM_004901.5	ENST00000358689.9	NA	NA	NA	NA	NA	NA	NA	NA	NA
ERBB4	Missense K1223T	NM_005235.3	ENST00000342788.9	Missense	NA	NA	NA	K1223T	NA	NA	NA	NA
ETS1	NA	NM_001143820.2	ENST00000392668.8	NA	NA	NA	NA	NA	NA	NA	NA	NA
FANCE	NA	NM_021922.3	ENST00000229769.3	NA	NA	NA	NA	NA	NA	NA	NA	NA
FAS	Frameshift/Nonsense/Splice-site	NM_000043.6	ENST00000652046.1	Frameshift|Nonsense|Splice-Site	all	all	all	NA	NA	NA	NA	NA
FAT1	Frameshift/Nonsense/Splice-site/Missense R1627Q|A4419V	NM_005245.4	ENST00000441802.7	Frameshift|Nonsense|Splice-Site|Missense	all	all	all	R1627Q|A4419V	NA	NA	NA	NA
FAT2	NA	NM_001447.3	ENST00000261800.6	NA	NA	NA	NA	NA	NA	NA	NA	NA
FAT4	NA	NM_001291303.3	ENST00000394329.9	NA	NA	NA	NA	NA	NA	NA	NA	NA
FBXW7	Frameshift/Nonsense/Splice-site/Missense R465H|C|L|Y545C	NM_001349798.2	ENST00000281708.10	Frameshift|Nonsense|Splice-Site|Missense	all	all	all	R465H|C|L|Y545C	NA	NA	NA	NA
FOXC1	NA	NM_001453.3	ENST00000645831.2	NA	NA	NA	NA	NA	NA	NA	NA	NA
FOXO1	Frameshift/Nonsense/Splice-site/Missense S22P|W|T24I|A|S205N	NM_002015.4	ENST00000379561.6	Frameshift|Nonsense|Splice-Site|Missense	all	all	all	S22P|W|T24I|A|S205N	NA	NA	NA	NA
FYN	NA	NM_002037.5	ENST00000354650.7	NA	NA	NA	NA	NA	NA	NA	NA	NA
GNA13	NA	NM_006572.6	ENST00000439174.7	NA	NA	NA	NA	NA	NA	NA	NA	NA
GNAI2	NA	NM_002070.4	ENST00000313601.11	NA	NA	NA	NA	NA	NA	NA	NA	NA
GNE	NA	NM_005476.7	ENST00000642385.2	NA	NA	NA	NA	NA	NA	NA	NA	NA
GPS2	Frameshift/Nonsense/Splice-site	NM_004489.5	ENST00000380728.7	Frameshift|Nonsense|Splice-Site	all	all	all	NA	NA	NA	NA	NA
GRB2	NA	NM_002086.5	ENST00000316804.10	NA	NA	NA	NA	NA	NA	NA	NA	NA
GRHPR	NA	NM_012203.2	ENST00000318158.11	NA	NA	NA	NA	NA	NA	NA	NA	NA
GRM7	NA	NM_000844.4	ENST00000357716.9	NA	NA	NA	NA	NA	NA	NA	NA	NA
HAVCR2	NA	NM_032782.5	ENST00000307851.9	NA	NA	NA	NA	NA	NA	NA	NA	NA
HEATR3	NA	NM_182922.4	ENST00000299192.8	NA	NA	NA	NA	NA	NA	NA	NA	NA
H1-5	Frameshift/Nonsense/Splice-site	NM_005322.3	ENST00000331442.5	Frameshift|Nonsense|Splice-Site	all	all	all	NA	NA	NA	NA	NA
H1-2	Missense A180P	NM_005319.4	ENST00000343677.4	Missense	NA	NA	NA	A180P	NA	NA	NA	NA
H1-3	NA	NM_005320.3	ENST00000244534.7	NA	NA	NA	NA	NA	NA	NA	NA	NA
H1-4	NA	NM_005321.3	ENST00000304218.6	NA	NA	NA	NA	NA	NA	NA	NA	NA
H2AC6	NA	NM_003512.4	ENST00000377791.4	NA	NA	NA	NA	NA	NA	NA	NA	NA
H2AC17	NA	NM_003514.2	ENST00000359611.4	NA	NA	NA	NA	NA	NA	NA	NA	NA
H2BC4	Missense E77G|K|A78P|L103F|I	NM_003526.3	ENST00000396984.2	Missense	NA	NA	NA	E77G|K|A78P|L103F|I	NA	NA	NA	NA
H2BC12	NA	NM_017445.3	ENST00000599962.2	NA	NA	NA	NA	NA	NA	NA	NA	NA
H3C2	NA	NM_003537.4	ENST00000621411.3	NA	NA	NA	NA	NA	NA	NA	NA	NA
H2BC21	NA	NM_003528.3	ENST00000369155.4	NA	NA	NA	NA	NA	NA	NA	NA	NA
HNRNPD	NA	NM_031370.3	ENST00000313899.12	NA	NA	NA	NA	NA	NA	NA	NA	NA
HVCN1	NA	NM_032369.4	ENST00000242607.13	NA	NA	NA	NA	NA	NA	NA	NA	NA
ID3	Frameshift/Nonsense/Splice-site/Missense P56S|L|R|L64F|H|R|V	NM_002167.5	ENST00000374561.6	Frameshift|Nonsense|Splice-Site|Missense	all	all	all	P56S|L|R|L64F|H|R|V	NA	NA	NA	NA
IGLL5	NA	NM_001178126.2	ENST00000526893.6	NA	NA	NA	NA	NA	NA	NA	NA	NA
IKZF3	NA	NM_012481.5	ENST00000346872.8	NA	NA	NA	NA	NA	NA	NA	NA	NA
IL10RA	NA	NM_001558.4	ENST00000227752.8	NA	NA	NA	NA	NA	NA	NA	NA	NA
IL6	NA	NM_000600.5	ENST00000258743.10	NA	NA	NA	NA	NA	NA	NA	NA	NA
IRF2BP2	NA	NM_182972.3	ENST00000366609.4	NA	NA	NA	NA	NA	NA	NA	NA	NA
IRF4	Missense C99R	NM_002460.4	ENST00000380956.9	Missense	NA	NA	NA	C99R	NA	NA	NA	NA
IRF8	(Frameshift/Nonsense/Splice-site p.383-426)|Missense T80A	NM_002163.4	ENST00000268638.10	Frameshift|Nonsense|Splice-Site	p.383-426	p.383-426	p.383-426	NA	NA	NA	NA	NA
ITK	NA	NM_005546.4	ENST00000422843.8	NA	NA	NA	NA	NA	NA	NA	NA	NA
ITPKB	NA	NM_002221.4	ENST00000429204.6	NA	NA	NA	NA	NA	NA	NA	NA	NA
ITPR3	NA	NM_002224.4	ENST00000605930.3	NA	NA	NA	NA	NA	NA	NA	NA	NA
JAK1	Missense Y652H|L910P|Y1035C	NM_002227.4	ENST00000342505.5	Missense	NA	NA	NA	Y652H|L910P|Y1035C	NA	NA	NA	NA
JAK3	Missense 573V|R657Q	NM_000215.4	ENST00000458235.7	Missense	NA	NA	NA	573V|R657Q	NA	NA	NA	NA
KIAA1671	NA	NM_001145206.2	ENST00000358431.8	NA	NA	NA	NA	NA	NA	NA	NA	NA
KIR2DL3	NA	NM_015868.3	ENST00000342376.4	NA	NA	NA	NA	NA	NA	NA	NA	NA
KLF2	Frameshift/Nonsense/Splice-site	NM_016270.4	ENST00000248071.6	Frameshift|Nonsense|Splice-Site	all	all	all	NA	NA	NA	NA	NA
KLHL14	NA	NM_020805.3	ENST00000359358.9	NA	NA	NA	NA	NA	NA	NA	NA	NA
KLHL21	NA	NM_014851.4	ENST00000377658.8	NA	NA	NA	NA	NA	NA	NA	NA	NA
KLHL6	NA	NM_130446.4	ENST00000341319.8	NA	NA	NA	NA	NA	NA	NA	NA	NA
KLHL9	NA	NM_018847.4	ENST00000359039.5	NA	NA	NA	NA	NA	NA	NA	NA	NA
KMT2C	Frameshift/Nonsense/Splice-site	NM_170606.3	ENST00000262189.11	Frameshift|Nonsense|Splice-Site	all	all	all	NA	NA	NA	NA	NA
KMT2D	Frameshift/Nonsense/Splice-site/Missense R5179C|R5432W|Q	NM_003482.4	ENST00000301067.12	Frameshift|Nonsense|Splice-Site|Missense	all	all	all	R5179C|R5432W|Q	NA	NA	NA	NA
LRP1B	NA	NM_018557.3	ENST00000389484.8	NA	NA	NA	NA	NA	NA	NA	NA	NA
LTB	NA	NM_002341.2	ENST00000429299.3	NA	NA	NA	NA	NA	NA	NA	NA	NA
LYN	NA	NM_002350.4	ENST00000519728.6	NA	NA	NA	NA	NA	NA	NA	NA	NA
MAGT1	NA	NM_001367916.1	ENST00000618282.5	NA	NA	NA	NA	NA	NA	NA	NA	NA
MAP2K1	NA	NM_002755.4	ENST00000307102.10	NA	NA	NA	NA	NA	NA	NA	NA	NA
MATN2	NA	NM_002380.5	ENST00000254898.7	NA	NA	NA	NA	NA	NA	NA	NA	NA
MCL1	NA	NM_021960.5	ENST00000369026.3	NA	NA	NA	NA	NA	NA	NA	NA	NA
MED11	NA	NM_001001683.4	ENST00000293777.6	NA	NA	NA	NA	NA	NA	NA	NA	NA
MEF2B	Missense K4E|Y69N|E77K|N81K|Y|D83V	NM_001145785.2	ENST00000424583.7	Missense	NA	NA	NA	K4E|Y69N|E77K|N81K|Y|D83V	NA	NA	NA	NA
MGA	Frameshift/Nonsense/Splice-site	NM_001400225.1	ENST00000703841.1	Frameshift|Nonsense|Splice-Site	all	all	all	NA	NA	NA	NA	NA
MGARP	NA	NM_032623.4	ENST00000398955.2	NA	NA	NA	NA	NA	NA	NA	NA	NA
MPEG1	NA	NM_001039396.2	ENST00000361050.4	NA	NA	NA	NA	NA	NA	NA	NA	NA
MS4A1	NA	NM_152866.3	ENST00000345732.9	NA	NA	NA	NA	NA	NA	NA	NA	NA
MTOR	Missense W1456G|A1459V|C1483Y|A1971T|T1977K|T1977R|V2006I|S2215F|R2217W|S2231L|I2500F	NM_004958.4	ENST00000361445.9	Missense	NA	NA	NA	W1456G|A1459V|C1483Y|A1971T|T1977K|T1977R|V2006I|S2215F|R2217W|S2231L|I2500F	NA	NA	NA	NA
MYC	Missense V7L|A|M|T73I|N|A|P74S|A|S161L	NM_002467.6	ENST00000621592.8	Missense	NA	NA	NA	V7L|A|M|T73I|N|A|P74S|A|S161L	NA	NA	NA	NA
MYCBP2	NA	NM_015057.5	ENST00000544440.7	NA	NA	NA	NA	NA	NA	NA	NA	NA
MYD88	Missense M232T|S243N|L265P	NM_002468.5	ENST00000650905.2	Missense	NA	NA	NA	M232T|S243N|L265P	NA	NA	NA	NA
NBPF14	NA	NM_001395631.1	ENST00000619423.4	NA	NA	NA	NA	NA	NA	NA	NA	NA
NBPF15	NA	NM_001385408.1	ENST00000581897.7	NA	NA	NA	NA	NA	NA	NA	NA	NA
NCOR1	Frameshift/Nonsense/Splice-site	NM_006311.4	ENST00000268712.8	Frameshift|Nonsense|Splice-Site	all	all	all	NA	NA	NA	NA	NA
NCOR2	NA	NM_006312.6	ENST00000405201.6	NA	NA	NA	NA	NA	NA	NA	NA	NA
NEB	NA	NM_001164508.2	ENST00000397345.8	NA	NA	NA	NA	NA	NA	NA	NA	NA
NFKBIA	Frameshift/Nonsense/Splice-site	NM_020529.3	ENST00000216797.10	Frameshift|Nonsense|Splice-Site	all	all	all	NA	NA	NA	NA	NA
NFKBIE	NA	NM_004556.3	ENST00000619360.6	NA	NA	NA	NA	NA	NA	NA	NA	NA
NFKBIZ	NA	NM_031419.4	ENST00000326172.9	NA	NA	NA	NA	NA	NA	NA	NA	NA
NLRP8	NA	NM_176811.2	ENST00000291971.7	NA	NA	NA	NA	NA	NA	NA	NA	NA
NOL9	NA	NM_024654.5	ENST00000377705.6	NA	NA	NA	NA	NA	NA	NA	NA	NA
NOTCH1	(Frameshift/Nonsense/Splice-site p.2124-2555)	NM_017617.5	ENST00000651671.1	Frameshift|Nonsense|Splice-Site	p.2124-2555	p.2124-2555	p.2124-2555	NA	NA	NA	NA	NA
NOTCH2	(Frameshift/Nonsense/Splice-site p.1827-2471)	NM_024408.4	ENST00000256646.7	Frameshift|Nonsense|Splice-Site	p.1827-2471	p.1827-2471	p.1827-2471	NA	NA	NA	NA	NA
NSD2	Missense E1099K|T1150A	NM_001042424.3	ENST00000508803.6	Missense	NA	NA	NA	E1099K|T1150A	NA	NA	NA	NA
NTRK1	NA	NM_002529.4	ENST00000524377.7	NA	NA	NA	NA	NA	NA	NA	NA	NA
NUP214	NA	NM_005085.4	ENST00000359428.10	NA	NA	NA	NA	NA	NA	NA	NA	NA
OR2M3	NA	NM_001004689.2	ENST00000641626.1	NA	NA	NA	NA	NA	NA	NA	NA	NA
OSBPL10	NA	NM_017784.5	ENST00000396556.7	NA	NA	NA	NA	NA	NA	NA	NA	NA
P2RY8	NA	NM_178129.5	ENST00000381297.10	NA	NA	NA	NA	NA	NA	NA	NA	NA
PABPC3	NA	NM_030979.3	ENST00000281589.5	NA	NA	NA	NA	NA	NA	NA	NA	NA
PAX5	Frameshift/Nonsense/Splice-site/Missense V26G	NM_016734.3	ENST00000358127.9	Frameshift|Nonsense|Splice-Site|Missense	all	all	all	V26G	NA	NA	NA	NA
PCBP1	NA	NM_006196.4	ENST00000303577.7	NA	NA	NA	NA	NA	NA	NA	NA	NA
PCLO	NA	NM_033026.6	ENST00000333891.14	NA	NA	NA	NA	NA	NA	NA	NA	NA
PDCD1	NA	NM_005018.3	ENST00000334409.10	NA	NA	NA	NA	NA	NA	NA	NA	NA
PDE4DIP	NA	NM_001395426.1	ENST00000695795.1	NA	NA	NA	NA	NA	NA	NA	NA	NA
PDGFRB	NA	NM_002609.4	ENST00000261799.9	NA	NA	NA	NA	NA	NA	NA	NA	NA
PEX14	NA	NM_004565.3	ENST00000356607.9	NA	NA	NA	NA	NA	NA	NA	NA	NA
PIK3CA	Missense R108H	NM_006218.4	ENST00000263967.4	Missense	NA	NA	NA	R108H	NA	NA	NA	NA
PIK3CD	Missense G124D|C416R|E525K|E1021K	NM_005026.5	ENST00000377346.9	Missense	NA	NA	NA	G124D|C416R|E525K|E1021K	NA	NA	NA	NA
PIM1	Missense L2F|N7K|K24N|G28D|A|S|V|Q37H|H68Y|E79D|K|P81S|A|I|T|S97N|T|L193F|I	NM_002648.4	ENST00000373509.6	Missense	NA	NA	NA	L2F|N7K|K24N|G28D|A|S|V|Q37H|H68Y|E79D|K|P81S|A|I|T|S97N|T|L193F|I	NA	NA	NA	NA
PIM2	NA	NM_006875.4	ENST00000376509.4	NA	NA	NA	NA	NA	NA	NA	NA	NA
PLCG2	NA	NM_002661.5	ENST00000564138.6	NA	NA	NA	NA	NA	NA	NA	NA	NA
PLXNB3	NA	NM_005393.3	ENST00000361971.10	NA	NA	NA	NA	NA	NA	NA	NA	NA
POT1	Frameshift/Nonsense/Splice-site	NM_015450.3	ENST00000357628.8	Frameshift|Nonsense|Splice-Site	all	all	all	NA	NA	NA	NA	NA
POU2AF1	NA	NM_006235.3	ENST00000393067.8	NA	NA	NA	NA	NA	NA	NA	NA	NA
POU2F2	NA	NM_001394376.1	ENST00000692977.1	NA	NA	NA	NA	NA	NA	NA	NA	NA
PPP4R3A	NA	NM_001366432.2	ENST00000554943.6	NA	NA	NA	NA	NA	NA	NA	NA	NA
PRDM1	Frameshift/Nonsense/Splice-site	NM_001198.4	ENST00000369096.9	Frameshift|Nonsense|Splice-Site	all	all	all	NA	NA	NA	NA	NA
PRKCB	NA	NM_002738.7	ENST00000643927.1	NA	NA	NA	NA	NA	NA	NA	NA	NA
PRUNE2	NA	NM_015225.3	ENST00000376718.8	NA	NA	NA	NA	NA	NA	NA	NA	NA
PTCH1	NA	NM_000264.5	ENST00000331920.11	NA	NA	NA	NA	NA	NA	NA	NA	NA
PTEN	Frameshift/Nonsense/Splice-site/Missense S10N|L23S|D24E|Y27N|L42F|V45I|H123Y|G129R|I135T|Y155S|R335Q	NM_000314.8	ENST00000371953.8	Frameshift|Nonsense|Splice-Site|Missense	all	all	all	S10N|L23S|D24E|Y27N|L42F|V45I|H123Y|G129R|I135T|Y155S|R335Q	NA	NA	NA	NA
PTPN6	NA	NM_002831.6	ENST00000318974.14	NA	NA	NA	NA	NA	NA	NA	NA	NA
PTPRD	Frameshift/Nonsense/Splice-site/Missense P1311S|V1565I|R1674H	NM_002839.4	ENST00000381196.9	Frameshift|Nonsense|Splice-Site|Missense	all	all	all	P1311S|V1565I|R1674H	NA	NA	NA	NA
PTPRK	NA	NM_002844.4	ENST00000368226.9	NA	NA	NA	NA	NA	NA	NA	NA	NA
RB1	Frameshift/Nonsense/Splice-site/Missense R661W|C706R|S758L	NM_000321.3	ENST00000267163.6	Frameshift|Nonsense|Splice-Site|Missense	all	all	all	R661W|C706R|S758L	NA	NA	NA	NA
RBMXL1	NA	NM_001162536.3	ENST00000652648.1	NA	NA	NA	NA	NA	NA	NA	NA	NA
RCOR1	NA	NM_015156.4	ENST00000262241.7	NA	NA	NA	NA	NA	NA	NA	NA	NA
REL	NA	NM_001291746.2	ENST00000394479.4	NA	NA	NA	NA	NA	NA	NA	NA	NA
RET	NA	NM_020975.6	ENST00000355710.8	NA	NA	NA	NA	NA	NA	NA	NA	NA
RHOA	Missense R5Q|W|G17A|Y34N|N41S|Y42C|F|S|H|Y66N|L69P|R|A161T	NM_001664.4	ENST00000418115.6	Missense	NA	NA	NA	R5Q|W|G17A|Y34N|N41S|Y42C|F|S|H|Y66N|L69P|R|A161T	NA	NA	NA	NA
ROS1	NA	NM_001378902.1	ENST00000368507.8	NA	NA	NA	NA	NA	NA	NA	NA	NA
RP1L1	NA	NM_178857.6	ENST00000382483.4	NA	NA	NA	NA	NA	NA	NA	NA	NA
RPS15	NA	NM_001018.5	ENST00000592588.7	NA	NA	NA	NA	NA	NA	NA	NA	NA
SCG3	NA	NM_013243.4	ENST00000220478.8	NA	NA	NA	NA	NA	NA	NA	NA	NA
SEL1L3	NA	NM_015187.5	ENST00000399878.8	NA	NA	NA	NA	NA	NA	NA	NA	NA
SETD1B	NA	NM_001353345.2	ENST00000604567.6	NA	NA	NA	NA	NA	NA	NA	NA	NA
SETD5	NA	NM_001080517.3	ENST00000402198.7	NA	NA	NA	NA	NA	NA	NA	NA	NA
SETDB1	NA	NM_001366418.1	ENST00000692827.1	NA	NA	NA	NA	NA	NA	NA	NA	NA
SGK1	NA	NM_001143676.3	ENST00000367858.10	NA	NA	NA	NA	NA	NA	NA	NA	NA
SIN3A	NA	NM_001145358.2	ENST00000394947.8	NA	NA	NA	NA	NA	NA	NA	NA	NA
SLC9A6	NA	NM_001379110.1	ENST00000630721.3	NA	NA	NA	NA	NA	NA	NA	NA	NA
SMARCA4	Frameshift/Nonsense/Splice-site/Missense T910M|A|R973Q|L|R1135Q|R1189L|R1192C|H|R1243L|W	NM_003072.5	ENST00000344626.10	Frameshift|Nonsense|Splice-Site|Missense	all	all	all	T910M|A|R973Q|L|R1135Q|R1189L|R1192C|H|R1243L|W	NA	NA	NA	NA
SOCS1	Frameshift/Nonsense/Splice-site/Missense A3T|S|P|V	NM_003745.2	ENST00000332029.4	Frameshift|Nonsense|Splice-Site|Missense	all	all	all	A3T|S|P|V	NA	NA	NA	NA
SOCS6	NA	NM_004232.4	ENST00000397942.4	NA	NA	NA	NA	NA	NA	NA	NA	NA
SPEN	Frameshift/Nonsense/Splice-site	NM_015001.3	ENST00000375759.8	Frameshift|Nonsense|Splice-Site	all	all	all	NA	NA	NA	NA	NA
SPIB	NA	NM_003121.5	ENST00000595883.6	NA	NA	NA	NA	NA	NA	NA	NA	NA
STAT3	Missense S614N|R|E616G|K|Y640F|K658R|D661V|Y	NM_139276.3	ENST00000264657.10	Missense	NA	NA	NA	S614N|R|E616G|K|Y640F|K658R|D661V|Y	NA	NA	NA	NA
STAT6	NA	NM_003153.5	ENST00000300134.8	NA	NA	NA	NA	NA	NA	NA	NA	NA
SYNE1	NA	NM_182961.4	ENST00000367255.10	NA	NA	NA	NA	NA	NA	NA	NA	NA
TAF1	NA	NM_004606.5	ENST00000423759.6	NA	NA	NA	NA	NA	NA	NA	NA	NA
TBL1XR1	Missense D370N|W376C|Y395C|H	NM_024665.7	ENST00000457928.7	Missense	NA	NA	NA	D370N|W376C|Y395C|H	NA	NA	NA	NA
TCL1A	NA	NM_021966.3	ENST00000402399.6	NA	NA	NA	NA	NA	NA	NA	NA	NA
TCTN2	NA	NM_024809.5	ENST00000303372.7	NA	NA	NA	NA	NA	NA	NA	NA	NA
TLR2	NA	NM_001318789.2	ENST00000642700.2	NA	NA	NA	NA	NA	NA	NA	NA	NA
TMEM30A	NA	NM_018247.4	ENST00000230461.11	NA	NA	NA	NA	NA	NA	NA	NA	NA
TMSB4X	NA	NM_021109.4	ENST00000451311.7	NA	NA	NA	NA	NA	NA	NA	NA	NA
TNFAIP3	Frameshift/Nonsense/Splice-site	NM_001270508.2	ENST00000612899.5	Frameshift|Nonsense|Splice-Site	all	all	all	NA	NA	NA	NA	NA
TNFRSF14	Frameshift/Nonsense/Splice-site	NM_003820.4	ENST00000355716.5	Frameshift|Nonsense|Splice-Site	all	all	all	NA	NA	NA	NA	NA
TNIP1	NA	NM_006058.5	ENST00000521591.6	NA	NA	NA	NA	NA	NA	NA	NA	NA
TOX	NA	NM_014729.3	ENST00000361421.2	NA	NA	NA	NA	NA	NA	NA	NA	NA
TP63	NA	NM_003722.5	ENST00000264731.8	NA	NA	NA	NA	NA	NA	NA	NA	NA
TRAF3	NA	NM_145725.3	ENST00000392745.8	NA	NA	NA	NA	NA	NA	NA	NA	NA
TSC2	Frameshift/Nonsense/Splice-site	NM_000548.5	ENST00000219476.9	Frameshift|Nonsense|Splice-Site	all	all	all	NA	NA	NA	NA	NA
TUT4	NA	NM_001009881.3	ENST00000257177.9	NA	NA	NA	NA	NA	NA	NA	NA	NA
UBE2A	NA	NM_003336.4	ENST00000371558.7	NA	NA	NA	NA	NA	NA	NA	NA	NA
UBR5	NA	NM_015902.6	ENST00000520539.6	NA	NA	NA	NA	NA	NA	NA	NA	NA
USP6	NA	NM_001304284.2	ENST00000574788.6	NA	NA	NA	NA	NA	NA	NA	NA	NA
VAV1	NA	NM_005428.4	ENST00000602142.6	NA	NA	NA	NA	NA	NA	NA	NA	NA
WDFY3	NA	NM_014991.6	ENST00000295888.9	NA	NA	NA	NA	NA	NA	NA	NA	NA
XPO1	Missense E571K|V|Q|G	NM_003400.4	ENST00000401558.7	Missense	NA	NA	NA	E571K|V|Q|G	NA	NA	NA	NA
YY1	NA	NM_003403.5	ENST00000262238.10	NA	NA	NA	NA	NA	NA	NA	NA	NA
ZBTB11	NA	NM_014415.4	ENST00000312938.5	NA	NA	NA	NA	NA	NA	NA	NA	NA
ZC3H12A	NA	NM_025079.3	ENST00000373087.7	NA	NA	NA	NA	NA	NA	NA	NA	NA
ZEB2	NA	NM_014795.4	ENST00000627532.3	NA	NA	NA	NA	NA	NA	NA	NA	NA
ZFP36L1	NA	NM_004926.4	ENST00000439696.3	NA	NA	NA	NA	NA	NA	NA	NA	NA
ZNF217	NA	NM_006526.3	ENST00000371471.7	NA	NA	NA	NA	NA	NA	NA	NA	NA
ZNF292	NA	NM_015021.3	ENST00000369577.8	NA	NA	NA	NA	NA	NA	NA	NA	NA
